{
	"name": "Adversary Tactics and Techniques for Phishing Scenario",
	"versions": {
		"attack": "15",
		"navigator": "5.0.1",
		"layer": "4.5"
	},
	"domain": "enterprise-attack",
	"description": "Mapping of MITRE ATT&CK® techniques for a phishing scenario where an adversary sends a phishing email, gains access to an employee's laptop, and uses PowerShell to escalate privileges.",
	"filters": {
		"platforms": [
			"Windows"
		]
	},
	"sorting": 0,
	"layout": {
		"layout": "side",
		"aggregateFunction": "average",
		"showID": false,
		"showName": true,
		"showAggregateScores": false,
		"countUnscored": false,
		"expandedSubtechniques": "none"
	},
	"hideDisabled": true,
	"techniques": [
		{
			"techniqueID": "T1566",
			"tactic": "initial-access",
			"color": "#31a354",
			"comment": "Phishing email sent to employee.",
			"enabled": true,
			"metadata": [],
			"links": [],
			"showSubtechniques": true
		},
		{
			"techniqueID": "T1204",
			"tactic": "execution",
			"color": "#e6d60d",
			"comment": "Employee opens and downloads the file.",
			"enabled": true,
			"metadata": [],
			"links": [],
			"showSubtechniques": true
		},
		{
			"techniqueID": "T1078",
			"tactic": "persistence",
			"color": "#3182bd",
			"comment": "Adversary gains access to the laptop.",
			"enabled": true,
			"metadata": [],
			"links": [],
			"showSubtechniques": true
		},
		{
			"techniqueID": "T1059.001",
			"tactic": "execution",
			"color": "",
			"comment": "PowerShell script delivered as EXE.",
			"enabled": true,
			"metadata": [],
			"links": [],
			"showSubtechniques": false
		},
		{
			"techniqueID": "T1105",
			"tactic": "command-and-control",
			"color": "#756bb1",
			"comment": "PowerShell script downloads and executes in memory.",
			"enabled": true,
			"metadata": [],
			"links": [],
			"showSubtechniques": false
		},
		{
			"techniqueID": "T1027",
			"tactic": "defense-evasion",
			"color": "#e6550d",
			"comment": "Script obfuscation to avoid detection.",
			"enabled": true,
			"metadata": [],
			"links": [],
			"showSubtechniques": true
		},
		{
			"techniqueID": "T1548.002",
			"tactic": "privilege-escalation",
			"color": "",
			"comment": "Spamming UAC prompts to gain admin rights.",
			"enabled": true,
			"metadata": [],
			"links": [],
			"showSubtechniques": false
		},
		{
			"techniqueID": "T1204.002",
			"tactic": "execution",
			"color": "#fcf26b",
			"comment": "",
			"enabled": true,
			"metadata": [],
			"links": [],
			"showSubtechniques": false
		},
		{
			"techniqueID": "T1566.001",
			"tactic": "initial-access",
			"color": "#a1d99b",
			"comment": "",
			"enabled": true,
			"metadata": [],
			"links": [],
			"showSubtechniques": false
		},
		{
			"techniqueID": "T1078",
			"tactic": "defense-evasion",
			"color": "#3182bd",
			"comment": "",
			"enabled": true,
			"metadata": [],
			"links": [],
			"showSubtechniques": false
		},
		{
			"techniqueID": "T1078",
			"tactic": "privilege-escalation",
			"color": "#3182bd",
			"comment": "",
			"enabled": true,
			"metadata": [],
			"links": [],
			"showSubtechniques": true
		},
		{
			"techniqueID": "T1078",
			"tactic": "initial-access",
			"color": "#3182bd",
			"comment": "",
			"enabled": true,
			"metadata": [],
			"links": [],
			"showSubtechniques": false
		},
		{
			"techniqueID": "T1078.003",
			"tactic": "defense-evasion",
			"color": "#9ecae1",
			"comment": "",
			"enabled": true,
			"metadata": [],
			"links": [],
			"showSubtechniques": false
		},
		{
			"techniqueID": "T1078.003",
			"tactic": "persistence",
			"color": "#9ecae1",
			"comment": "",
			"enabled": true,
			"metadata": [],
			"links": [],
			"showSubtechniques": false
		},
		{
			"techniqueID": "T1078.003",
			"tactic": "privilege-escalation",
			"color": "#9ecae1",
			"comment": "",
			"enabled": true,
			"metadata": [],
			"links": [],
			"showSubtechniques": false
		},
		{
			"techniqueID": "T1078.003",
			"tactic": "initial-access",
			"color": "#9ecae1",
			"comment": "",
			"enabled": true,
			"metadata": [],
			"links": [],
			"showSubtechniques": false
		},
		{
			"techniqueID": "T1027.010",
			"tactic": "defense-evasion",
			"color": "#fdae6b",
			"comment": "",
			"enabled": true,
			"metadata": [],
			"links": [],
			"showSubtechniques": false
		}
	],
	"gradient": {
		"colors": [
			"#ff6666ff",
			"#ffe766ff",
			"#8ec843ff"
		],
		"minValue": 0,
		"maxValue": 100
	},
	"legendItems": [],
	"metadata": [],
	"links": [],
	"showTacticRowBackground": false,
	"tacticRowBackground": "#dddddd",
	"selectTechniquesAcrossTactics": true,
	"selectSubtechniquesWithParent": false,
	"selectVisibleTechniques": false
}
